{"train/loss": 3.2296, "train/learning_rate": 0.00015000000000000001, "train/epoch": 0.0, "train/global_step": 4, "_timestamp": 1698746958.7689075, "_runtime": 62.70197653770447, "_step": 3, "_wandb": {"runtime": 63}}