{"train/loss": 2.148, "train/learning_rate": 0.0, "train/epoch": 0.01, "train/global_step": 10, "_timestamp": 1698696365.9151618, "_runtime": 806.7623269557953, "_step": 10, "train/train_runtime": 46.2252, "train/train_samples_per_second": 0.865, "train/train_steps_per_second": 0.216, "train/total_flos": 580559144755200.0, "train/train_loss": 2.357906126976013, "_wandb": {"runtime": 86}}